Date,Close
,AAPL
2021-02-01,130.57891845703125
2021-02-02,131.40635681152344
2021-02-03,130.38418579101562
2021-02-04,133.74264526367188
2021-02-05,133.3282928466797
2021-02-08,133.47450256347656
2021-02-09,132.59710693359375
2021-02-10,131.9926300048828
2021-02-11,131.73916625976562
2021-02-12,131.97315979003906
2021-02-16,129.84786987304688
2021-02-17,127.55681610107422
2021-02-18,126.45521545410156
2021-02-19,126.6111831665039
2021-02-22,122.8382797241211
2021-02-23,122.7017822265625
2021-02-24,122.20457458496094
2021-02-25,117.95399475097656
2021-02-26,118.21723937988281
2021-03-01,124.58335876464844
2021-03-02,121.9803466796875
2021-03-03,118.99715423583984
2021-03-04,117.11557006835938
2021-03-05,118.37319946289062
2021-03-08,113.44015502929688
2021-03-09,118.05146789550781
2021-03-10,116.96934509277344
2021-03-11,118.89964294433594
2021-03-12,117.99298858642578
2021-03-15,120.87870788574219
2021-03-16,122.4190673828125
2021-03-17,121.62939453125
2021-03-18,117.50553894042969
2021-03-19,116.97908020019531
2021-03-22,120.29376983642578
2021-03-23,119.46509552001953
2021-03-24,117.07657623291016
2021-03-25,117.56401824951172
2021-03-26,118.16846466064453
2021-03-29,118.34395599365234
2021-03-30,116.89134979248047
2021-03-31,119.08489990234375
2021-04-01,119.9135513305664
2021-04-05,122.74077606201172
2021-04-06,123.04301452636719
2021-04-07,124.69059753417969
2021-04-08,127.08885955810547
2021-04-09,129.66265869140625
2021-04-12,127.94680786132812
2021-04-13,131.05677795410156
2021-04-14,128.7169647216797
2021-04-15,131.1249542236328
2021-04-16,130.79354858398438
2021-04-19,131.45645141601562
2021-04-20,129.76986694335938
2021-04-21,130.15008544921875
2021-04-22,128.62921142578125
2021-04-23,130.94952392578125
2021-04-26,131.3394775390625
2021-04-27,131.0177459716797
2021-04-28,130.22802734375
2021-04-29,130.13055419921875
2021-04-30,128.16127014160156
2021-05-03,129.2141571044922
2021-05-04,124.64183807373047
2021-05-05,124.88558197021484
2021-05-06,126.4844741821289
2021-05-07,127.15827178955078
2021-05-10,123.87700653076172
2021-05-11,122.95904541015625
2021-05-12,119.89262390136719
2021-05-13,122.04106140136719
2021-05-14,124.46293640136719
2021-05-17,123.31059265136719
2021-05-18,121.92387390136719
2021-05-19,121.76762390136719
2021-05-20,124.32621765136719
2021-05-21,122.49029541015625
2021-05-24,124.12112426757812
2021-05-25,123.92582702636719
2021-05-26,123.87700653076172
2021-05-27,122.34380340576172
2021-05-28,121.68952178955078
2021-06-01,121.36722564697266
2021-06-02,122.12893676757812
2021-06-03,120.64456176757812
2021-06-04,122.93951416015625
2021-06-07,122.94925689697266
2021-06-08,123.76956939697266
2021-06-09,124.15044403076172
2021-06-10,123.15434265136719
2021-06-11,124.36528778076172
2021-06-14,127.42192077636719
2021-06-15,126.60163116455078
2021-06-16,127.0996322631836
2021-06-17,128.7012176513672
2021-06-18,127.40240478515625
2021-06-21,129.1992645263672
2021-06-22,130.83990478515625
2021-06-23,130.56646728515625
2021-06-24,130.28323364257812
2021-06-25,129.9903106689453
2021-06-28,131.62118530273438
2021-06-29,133.13482666015625
2021-06-30,133.75003051757812
2021-07-01,134.0528106689453
2021-07-02,136.67974853515625
2021-07-06,138.6914825439453
2021-07-07,141.18170166015625
2021-07-08,139.8828582763672
2021-07-09,141.70904541015625
2021-07-12,141.11337280273438
2021-07-13,142.2266082763672
2021-07-14,145.6543731689453
2021-07-15,145.00009155273438
2021-07-16,142.95901489257812
2021-07-19,139.1113739013672
2021-07-20,142.7246551513672
2021-07-21,141.99221801757812
2021-07-22,143.3594512939453
2021-07-23,145.07818603515625
2021-07-26,145.4981231689453
2021-07-27,143.33013916015625
2021-07-28,141.5820770263672
2021-07-29,142.2266082763672
2021-07-30,142.44146728515625
2021-08-02,142.10943603515625
2021-08-03,143.9063262939453
2021-08-04,143.5059051513672
2021-08-05,143.61334228515625
2021-08-06,142.92874145507812
2021-08-09,142.8798370361328
2021-08-10,142.4005584716797
2021-08-11,142.65487670898438
2021-08-12,145.61830139160156
2021-08-13,145.82369995117188
2021-08-16,147.79931640625
2021-08-17,146.88973999023438
2021-08-18,143.1439208984375
2021-08-19,143.4764404296875
2021-08-20,144.9336700439453
2021-08-23,146.42027282714844
2021-08-24,146.33226013183594
2021-08-25,145.0999298095703
2021-08-26,144.29794311523438
2021-08-27,145.3346710205078
2021-08-30,149.75534057617188
2021-08-31,148.49368286132812
2021-09-01,149.1587371826172
2021-09-02,150.27369689941406
2021-09-03,150.90940856933594
2021-09-07,153.2469024658203
2021-09-08,151.7016143798828
2021-09-09,150.68447875976562
2021-09-10,145.69656372070312
2021-09-13,146.26380920410156
2021-09-14,144.8651885986328
2021-09-15,145.75521850585938
2021-09-16,145.52053833007812
2021-09-17,142.85047912597656
2021-09-20,139.79905700683594
2021-09-21,140.2782745361328
2021-09-22,142.6450958251953
2021-09-23,143.60354614257812
2021-09-24,143.69158935546875
2021-09-27,142.1756134033203
2021-09-28,138.7916717529297
2021-09-29,139.69146728515625
2021-09-30,138.39065551757812
2021-10-01,139.51541137695312
2021-10-04,136.08253479003906
2021-10-05,138.00927734375
2021-10-06,138.8797149658203
2021-10-07,140.141357421875
2021-10-08,139.7598876953125
2021-10-11,139.67189025878906
2021-10-12,138.40048217773438
2021-10-13,137.8136444091797
2021-10-14,140.6010284423828
2021-10-15,141.6572723388672
2021-10-18,143.32972717285156
2021-10-19,145.4911346435547
2021-10-20,145.9801788330078
2021-10-21,146.19528198242188
2021-10-22,145.42269897460938
2021-10-25,145.37379455566406
2021-10-26,146.0388641357422
2021-10-27,145.57916259765625
2021-10-28,149.21743774414062
2021-10-29,146.50830078125
2021-11-01,145.68678283691406
2021-11-02,146.7234649658203
2021-11-03,148.16119384765625
2021-11-04,147.642822265625
2021-11-05,148.17173767089844
2021-11-08,147.34898376464844
2021-11-09,147.7113494873047
2021-11-10,144.8807373046875
2021-11-11,144.83177185058594
2021-11-12,146.90823364257812
2021-11-15,146.9180145263672
2021-11-16,147.89747619628906
2021-11-17,150.3363037109375
2021-11-18,154.6262969970703
2021-11-19,157.25123596191406
2021-11-22,157.71160888671875
2021-11-23,158.09356689453125
2021-11-24,158.61268615722656
2021-11-26,153.58811950683594
2021-11-29,156.94760131835938
2021-11-30,161.9036407470703
2021-12-01,161.38453674316406
2021-12-02,160.39529418945312
2021-12-03,158.51473999023438
2021-12-06,161.92324829101562
2021-12-07,167.66285705566406
2021-12-08,171.4827423095703
2021-12-09,170.973388671875
2021-12-10,175.76290893554688
2021-12-13,172.129150390625
2021-12-14,170.7481231689453
2021-12-15,175.61598205566406
2021-12-16,168.72064208984375
2021-12-17,167.6236114501953
2021-12-20,166.26220703125
2021-12-21,169.4356689453125
2021-12-22,172.03121948242188
2021-12-23,172.65806579589844
2021-12-27,176.62484741210938
2021-12-28,175.60617065429688
2021-12-29,175.69435119628906
2021-12-30,174.53858947753906
2021-12-31,173.92156982421875
2022-01-03,178.2703094482422
2022-01-04,176.0077667236328
2022-01-05,171.3260040283203
2022-01-06,168.4659881591797
2022-01-07,168.63247680664062
2022-01-10,168.65208435058594
2022-01-11,171.4827423095703
2022-01-12,171.9234619140625
2022-01-13,168.65208435058594
2022-01-14,169.51400756835938
2022-01-18,166.31118774414062
2022-01-19,162.81454467773438
2022-01-20,161.12989807128906
2022-01-21,159.0730438232422
2022-01-24,158.2992706298828
2022-01-25,156.49708557128906
2022-01-26,156.408935546875
2022-01-27,155.9486083984375
2022-01-28,166.8302764892578
2022-01-31,171.18887329101562
2022-02-01,171.02236938476562
2022-02-02,172.22708129882812
2022-02-03,169.34750366210938
2022-02-04,169.06309509277344
2022-02-07,168.34716796875
2022-02-08,171.45602416992188
2022-02-09,172.8780517578125
2022-02-10,168.7982940673828
2022-02-11,165.38548278808594
2022-02-14,165.62083435058594
2022-02-15,169.45538330078125
2022-02-16,169.22003173828125
2022-02-17,165.62083435058594
2022-02-18,164.0713348388672
2022-02-22,161.14886474609375
2022-02-23,156.9808807373047
2022-02-24,159.59933471679688
2022-02-25,161.66864013671875
2022-02-28,161.93338012695312
2022-03-01,160.05043029785156
2022-03-02,163.34564208984375
2022-03-03,163.02197265625
2022-03-04,160.0210418701172
2022-03-07,156.22572326660156
2022-03-08,154.401611328125
2022-03-09,159.80528259277344
2022-03-10,155.4607696533203
2022-03-11,151.74391174316406
2022-03-14,147.7132110595703
2022-03-15,152.09695434570312
2022-03-16,156.51014709472656
2022-03-17,157.52024841308594
2022-03-18,160.81536865234375
2022-03-21,162.18836975097656
2022-03-22,165.56199645996094
2022-03-23,166.92515563964844
2022-03-24,170.710693359375
2022-03-25,171.34814453125
2022-03-28,172.21115112304688
2022-03-29,175.50631713867188
2022-03-30,174.33926391601562
2022-03-31,171.240234375
2022-04-01,170.946044921875
2022-04-04,174.99635314941406
2022-04-05,171.6815948486328
2022-04-06,168.51390075683594
2022-04-07,168.8179168701172
2022-04-08,166.8074951171875
2022-04-11,162.55123901367188
2022-04-12,164.42437744140625
2022-04-13,167.11146545410156
2022-04-14,162.10011291503906
2022-04-18,161.88438415527344
2022-04-19,164.16940307617188
2022-04-20,164.00265502929688
2022-04-21,163.2083282470703
2022-04-22,158.66766357421875
2022-04-25,159.73660278320312
2022-04-26,153.77398681640625
2022-04-27,153.54844665527344
2022-04-28,160.4819793701172
2022-04-29,154.60755920410156
2022-05-02,154.9115447998047
2022-05-03,156.4022674560547
2022-05-04,162.81602478027344
2022-05-05,153.7445526123047
2022-05-06,154.47132873535156
2022-05-09,149.3445587158203
2022-05-10,151.75079345703125
2022-05-11,143.88385009765625
2022-05-12,140.01422119140625
2022-05-13,144.4829559326172
2022-05-16,142.94100952148438
2022-05-17,146.5748748779297
2022-05-18,138.30526733398438
2022-05-19,134.89724731445312
2022-05-20,135.1329345703125
2022-05-23,140.55438232421875
2022-05-24,137.85348510742188
2022-05-25,138.01063537597656
2022-05-26,141.21240234375
2022-05-27,146.9677734375
2022-05-31,146.1820526123047
2022-06-01,146.05438232421875
2022-06-02,148.50973510742188
2022-06-03,142.78382873535156
2022-06-06,143.5302276611328
2022-06-07,146.05438232421875
2022-06-08,145.31776428222656
2022-06-09,140.0927734375
2022-06-10,134.68113708496094
2022-06-13,129.52490234375
2022-06-14,130.3892364501953
2022-06-15,133.01153564453125
2022-06-16,127.73741149902344
2022-06-17,129.21063232421875
2022-06-21,133.4436492919922
2022-06-22,132.93295288085938
2022-06-23,135.80081176757812
2022-06-24,139.13026428222656
2022-06-27,139.13026428222656
2022-06-28,134.98561096191406
2022-06-29,136.74365234375
2022-06-30,134.27847290039062
2022-07-01,136.44898986816406
2022-07-05,139.03204345703125
2022-07-06,140.36776733398438
2022-07-07,143.73651123046875
2022-07-08,144.4142303466797
2022-07-11,142.28292846679688
2022-07-12,143.25523376464844
2022-07-13,142.89187622070312
2022-07-14,145.8186492919922
2022-07-15,147.48829650878906
2022-07-18,144.44366455078125
2022-07-19,148.30348205566406
2022-07-20,150.30706787109375
2022-07-21,152.57582092285156
2022-07-22,151.3383026123047
2022-07-25,150.21865844726562
2022-07-26,148.89276123046875
2022-07-27,153.9901123046875
2022-07-28,154.54006958007812
2022-07-29,159.6079559326172
2022-08-01,158.6258087158203
2022-08-02,157.15257263183594
2022-08-03,163.16329956054688
2022-08-04,162.84902954101562
2022-08-05,162.622802734375
2022-08-08,162.15072631835938
2022-08-09,162.19989013671875
2022-08-10,166.44862365722656
2022-08-11,165.7110137939453
2022-08-12,169.261474609375
2022-08-15,170.33348083496094
2022-08-16,170.1761016845703
2022-08-17,171.67108154296875
2022-08-18,171.2776336669922
2022-08-19,168.69100952148438
2022-08-22,164.80618286132812
2022-08-23,164.4717559814453
2022-08-24,164.76683044433594
2022-08-25,167.22561645507812
2022-08-26,160.92129516601562
2022-08-29,158.71829223632812
2022-08-30,156.2890167236328
2022-08-31,154.62684631347656
2022-09-01,155.3546905517578
2022-09-02,153.24012756347656
2022-09-06,151.9812774658203
2022-09-07,153.38768005371094
2022-09-08,151.91241455078125
2022-09-09,154.77442932128906
2022-09-12,160.7344512939453
2022-09-13,151.30264282226562
2022-09-14,152.74838256835938
2022-09-15,149.8568878173828
2022-09-16,148.21441650390625
2022-09-19,151.9320831298828
2022-09-20,154.3121795654297
2022-09-21,151.18458557128906
2022-09-22,150.2207794189453
2022-09-23,147.94886779785156
2022-09-26,148.28326416015625
2022-09-27,149.2569122314453
2022-09-28,147.3685760498047
2022-09-29,140.13002014160156
2022-09-30,135.92059326171875
2022-10-03,140.10049438476562
2022-10-04,143.69027709960938
2022-10-05,143.9853515625
2022-10-06,143.03134155273438
2022-10-07,137.77940368652344
2022-10-10,138.10397338867188
2022-10-11,136.68771362304688
2022-10-12,136.0582733154297
2022-10-13,140.63157653808594
2022-10-14,136.09765625
2022-10-17,140.06118774414062
2022-10-18,141.3790740966797
2022-10-19,141.4872283935547
2022-10-20,141.02499389648438
2022-10-21,144.8409881591797
2022-10-24,146.98501586914062
2022-10-25,149.82736206054688
2022-10-26,146.88665771484375
2022-10-27,142.4117431640625
2022-10-28,153.1713104248047
2022-10-31,150.8108673095703
2022-11-01,148.16525268554688
2022-11-02,142.637939453125
2022-11-03,136.5894012451172
2022-11-04,136.32339477539062
2022-11-07,136.85536193847656
2022-11-08,137.4267120361328
2022-11-09,132.8655548095703
2022-11-10,144.6872100830078
2022-11-11,147.47515869140625
2022-11-14,146.07623291015625
2022-11-15,147.8101043701172
2022-11-16,146.57864379882812
2022-11-17,148.4800262451172
2022-11-18,149.04150390625
2022-11-21,145.81027221679688
2022-11-22,147.94801330566406
2022-11-23,148.8248291015625
2022-11-25,145.90879821777344
2022-11-28,142.07659912109375
2022-11-29,139.07192993164062
2022-11-30,145.82997131347656
2022-12-01,146.10581970214844
2022-12-02,145.61322021484375
2022-12-05,144.45079040527344
2022-12-06,140.7860565185547
2022-12-07,138.84535217285156
2022-12-08,140.52993774414062
2022-12-09,140.04722595214844
2022-12-12,142.34259033203125
2022-12-13,143.30804443359375
2022-12-14,141.0815887451172
2022-12-15,134.47134399414062
2022-12-16,132.51092529296875
2022-12-19,130.40274047851562
2022-12-20,130.33375549316406
2022-12-21,133.4369354248047
2022-12-22,130.26480102539062
2022-12-23,129.90029907226562
2022-12-27,128.0974884033203
2022-12-28,124.16680145263672
2022-12-29,127.68372344970703
2022-12-30,127.99895477294922
2023-01-03,123.21121215820312
2023-01-04,124.4820327758789
2023-01-05,123.16194915771484
2023-01-06,127.69359588623047
2023-01-09,128.2156982421875
2023-01-10,128.78709411621094
2023-01-11,131.5060577392578
2023-01-12,131.42726135253906
2023-01-13,132.7572021484375
2023-01-17,133.91964721679688
2023-01-18,133.20050048828125
2023-01-19,133.25961303710938
2023-01-20,135.8209686279297
2023-01-23,139.01284790039062
2023-01-24,140.41172790527344
2023-01-25,139.75167846679688
2023-01-26,141.8204803466797
2023-01-27,143.7611541748047
2023-01-30,140.87474060058594
2023-01-31,142.1455535888672
2023-02-01,143.26858520507812
2023-02-02,148.57852172851562
2023-02-03,152.2038116455078
2023-02-06,149.47496032714844
2023-02-07,152.35157775878906
2023-02-08,149.6621551513672
2023-02-09,148.62777709960938
2023-02-10,148.9927978515625
2023-02-13,151.794921875
2023-02-14,151.15357971191406
2023-02-15,153.25509643554688
2023-02-16,151.65676879882812
2023-02-17,150.5122528076172
2023-02-21,146.49664306640625
2023-02-22,146.92088317871094
2023-02-23,147.4043426513672
2023-02-24,144.75025939941406
2023-02-27,145.94407653808594
2023-02-28,145.44091796875
2023-03-01,143.36895751953125
2023-03-02,143.96096801757812
2023-03-03,149.0125732421875
2023-03-06,151.775146484375
2023-03-07,149.574951171875
2023-03-08,150.82797241210938
2023-03-09,148.57843017578125
2023-03-10,146.51632690429688
2023-03-13,148.4600372314453
2023-03-14,150.5517120361328
2023-03-15,150.9463653564453
2023-03-16,153.7681884765625
2023-03-17,152.9295196533203
2023-03-20,155.29747009277344
2023-03-21,157.15234375
2023-03-22,155.72171020507812
2023-03-23,156.8070068359375
2023-03-24,158.10939025878906
2023-03-27,156.16571044921875
2023-03-28,155.54409790039062
2023-03-29,158.62245178222656
2023-03-30,160.1912078857422
2023-03-31,162.69728088378906
2023-04-03,163.95033264160156
2023-04-04,163.41754150390625
2023-04-05,161.57252502441406
2023-04-06,162.46047973632812
2023-04-10,159.86563110351562
2023-04-11,158.6520538330078
2023-04-12,157.96139526367188
2023-04-13,163.34848022460938
2023-04-14,163.00315856933594
2023-04-17,163.02285766601562
2023-04-18,164.246337890625
2023-04-19,165.39080810546875
2023-04-20,164.42391967773438
2023-04-21,162.81570434570312
2023-04-24,163.1215362548828
2023-04-25,161.58238220214844
2023-04-26,161.57252502441406
2023-04-27,166.160400390625
2023-04-28,167.41342163085938
2023-05-01,167.32464599609375
2023-05-02,166.28866577148438
2023-05-03,165.2132110595703
2023-05-04,163.5753631591797
2023-05-05,171.25148010253906
2023-05-08,171.18238830566406
2023-05-09,169.4755096435547
2023-05-10,171.24159240722656
2023-05-11,171.42906188964844
2023-05-12,170.50033569335938
2023-05-15,170.00634765625
2023-05-16,170.00634765625
2023-05-17,170.618896484375
2023-05-18,172.9506072998047
2023-05-19,173.0592803955078
2023-05-22,172.11077880859375
2023-05-23,169.50244140625
2023-05-24,169.77908325195312
2023-05-25,170.915283203125
2023-05-26,173.3260040283203
2023-05-30,175.17359924316406
2023-05-31,175.12420654296875
2023-06-01,177.93014526367188
2023-06-02,178.77984619140625
2023-06-05,177.42623901367188
2023-06-06,177.0607147216797
2023-06-07,175.6873779296875
2023-06-08,178.40440368652344
2023-06-09,178.78970336914062
2023-06-12,181.58575439453125
2023-06-13,181.1115264892578
2023-06-14,181.74388122558594
2023-06-15,183.77914428710938
2023-06-16,182.70220947265625
2023-06-20,182.7911376953125
2023-06-21,181.7537384033203
2023-06-22,184.7572784423828
2023-06-23,184.4410858154297
2023-06-26,183.04803466796875
2023-06-27,185.8045654296875
2023-06-28,186.9803009033203
2023-06-29,187.3162078857422
2023-06-30,191.64369201660156
2023-07-03,190.15179443359375
2023-07-05,189.03533935546875
2023-07-06,189.5095672607422
2023-07-07,188.39312744140625
2023-07-10,186.34796142578125
2023-07-11,185.8243408203125
2023-07-12,187.49404907226562
2023-07-13,188.2548065185547
2023-07-14,188.40301513671875
2023-07-17,191.66346740722656
2023-07-18,191.40652465820312
2023-07-19,192.7601318359375
2023-07-20,190.81375122070312
2023-07-21,189.63804626464844
2023-07-24,190.43833923339844
2023-07-25,191.29788208007812
2023-07-26,192.16732788085938
2023-07-27,190.9027099609375
2023-07-28,193.48138427734375
2023-07-31,194.09393310546875
2023-08-01,193.26402282714844
2023-08-02,190.27035522460938
2023-08-03,188.87725830078125
2023-08-04,179.807373046875
2023-08-07,176.70501708984375
2023-08-08,177.6436004638672
2023-08-09,176.0529327392578
2023-08-10,175.83558654785156
2023-08-11,175.89491271972656
2023-08-14,177.54714965820312
2023-08-15,175.5585479736328
2023-08-16,174.6879425048828
2023-08-17,172.1453094482422
2023-08-18,172.63009643554688
2023-08-21,173.9656982421875
2023-08-22,175.34092712402344
2023-08-23,179.18943786621094
2023-08-24,174.49996948242188
2023-08-25,176.70620727539062
2023-08-28,178.26934814453125
2023-08-29,182.15745544433594
2023-08-30,185.64984130859375
2023-08-31,185.8674774169922
2023-09-01,187.4405517578125
2023-09-05,187.67799377441406
2023-09-06,180.96035766601562
2023-09-07,175.66738891601562
2023-09-08,176.28077697753906
2023-09-11,177.4481964111328
2023-09-12,174.42083740234375
2023-09-13,172.35308837890625
2023-09-14,173.86680603027344
2023-09-15,173.14456176757812
2023-09-18,176.07301330566406
2023-09-19,177.16128540039062
2023-09-20,173.6194610595703
2023-09-21,172.07608032226562
2023-09-22,172.92694091796875
2023-09-25,174.20315551757812
2023-09-26,170.12705993652344
2023-09-27,168.61337280273438
2023-09-28,168.87060546875
2023-09-29,169.38507080078125
2023-10-02,171.89797973632812
2023-10-03,170.5623779296875
2023-10-04,171.8089599609375
2023-10-05,173.04563903808594
2023-10-06,175.59814453125
2023-10-09,177.08212280273438
2023-10-10,176.48854064941406
2023-10-11,177.8834991455078
2023-10-12,178.7838134765625
2023-10-13,176.94363403320312
2023-10-16,176.8150177001953
2023-10-17,175.26177978515625
2023-10-18,173.9656982421875
2023-10-19,173.58978271484375
2023-10-20,171.0372772216797
2023-10-23,171.15599060058594
2023-10-24,171.59132385253906
2023-10-25,169.2762451171875
2023-10-26,165.11109924316406
2023-10-27,166.42694091796875
2023-10-30,168.47486877441406
2023-10-31,168.94976806640625
2023-11-01,172.11566162109375
2023-11-02,175.67730712890625
2023-11-03,174.76707458496094
2023-11-06,177.319580078125
2023-11-07,179.88198852539062
2023-11-08,180.94058227539062
2023-11-09,180.4656982421875
2023-11-10,184.6561279296875
2023-11-13,183.0710906982422
2023-11-14,185.6864013671875
2023-11-15,186.2510528564453
2023-11-16,187.93515014648438
2023-11-17,187.91534423828125
2023-11-20,189.65887451171875
2023-11-21,188.8564453125
2023-11-22,189.5201873779297
2023-11-24,188.19273376464844
2023-11-27,188.01438903808594
2023-11-28,188.61868286132812
2023-11-29,187.59832763671875
2023-11-30,188.1728973388672
2023-12-01,189.45083618164062
2023-12-04,187.65777587890625
2023-12-05,191.6104278564453
2023-12-06,190.52073669433594
2023-12-07,192.45249938964844
2023-12-08,193.87899780273438
2023-12-11,191.37269592285156
2023-12-12,192.88836669921875
2023-12-13,196.10797119140625
2023-12-14,196.25657653808594
2023-12-15,195.72161865234375
2023-12-18,194.05734252929688
2023-12-19,195.09751892089844
2023-12-20,193.0072479248047
2023-12-21,192.858642578125
2023-12-22,191.78875732421875
2023-12-26,191.243896484375
2023-12-27,191.3429718017578
2023-12-28,191.76895141601562
2023-12-29,190.728759765625
2024-01-02,183.90322875976562
2024-01-03,182.5262451171875
2024-01-04,180.2081298828125
2024-01-05,179.4849395751953
2024-01-08,183.82395935058594
2024-01-09,183.40792846679688
2024-01-10,184.44808959960938
2024-01-11,183.85369873046875
2024-01-12,184.18060302734375
2024-01-16,181.91201782226562
2024-01-17,180.9709014892578
2024-01-18,186.8652801513672
2024-01-19,189.76783752441406
2024-01-22,192.07603454589844
2024-01-23,193.3539581298828
2024-01-24,192.6803436279297
2024-01-25,192.3533935546875
2024-01-26,190.61978149414062
2024-01-29,189.93626403808594
2024-01-30,186.28079223632812
2024-01-31,182.67483520507812
2024-02-01,185.11181640625
2024-02-02,184.1112518310547
2024-02-05,185.9241485595703
2024-02-06,187.52899169921875
2024-02-07,187.63795471191406
2024-02-08,186.5581817626953
2024-02-09,187.32192993164062
2024-02-12,185.6356658935547
2024-02-13,183.54273986816406
2024-02-14,182.65994262695312
2024-02-15,182.372314453125
2024-02-16,180.8348388671875
2024-02-20,180.0908966064453
2024-02-21,180.84478759765625
2024-02-22,182.878173828125
2024-02-23,181.04315185546875
2024-02-26,179.69415283203125
2024-02-27,181.15225219726562
2024-02-28,179.95205688476562
2024-02-29,179.28744506835938
2024-03-01,178.20628356933594
2024-03-04,173.68319702148438
2024-03-05,168.74346923828125
2024-03-06,167.75152587890625
2024-03-07,167.63255310058594
2024-03-08,169.34854125976562
2024-03-11,171.35220336914062
2024-03-12,171.8282928466797
2024-03-13,169.7453155517578
2024-03-14,171.60015869140625
2024-03-15,171.22323608398438
2024-03-18,172.31434631347656
2024-03-19,174.65525817871094
2024-03-20,177.22430419921875
2024-03-21,169.9833526611328
2024-03-22,170.88601684570312
2024-03-25,169.4675750732422
2024-03-26,168.33680725097656
2024-03-27,171.9076690673828
2024-03-28,170.0924530029297
2024-04-01,168.6542205810547
2024-04-02,167.47384643554688
2024-04-03,168.27725219726562
2024-04-04,167.45401000976562
2024-04-05,168.20782470703125
2024-04-08,167.0869903564453
2024-04-09,168.29710388183594
2024-04-10,166.42242431640625
2024-04-11,173.62364196777344
2024-04-12,175.12144470214844
2024-04-15,171.2926788330078
2024-04-16,168.0094757080078
2024-04-17,166.640625
2024-04-18,165.68841552734375
2024-04-19,163.6649169921875
2024-04-22,164.49810791015625
2024-04-23,165.54953002929688
2024-04-24,167.65240478515625
2024-04-25,168.5153350830078
2024-04-26,167.93011474609375
2024-04-29,172.0961151123047
2024-04-30,168.9517822265625
2024-05-01,167.93011474609375
2024-05-02,171.6299285888672
2024-05-03,181.89617919921875
2024-05-06,180.2397003173828
2024-05-07,180.9241180419922
2024-05-08,181.26136779785156
2024-05-09,183.07656860351562
2024-05-10,181.8151397705078
2024-05-13,185.02333068847656
2024-05-14,186.16558837890625
2024-05-15,188.4401397705078
2024-05-16,188.55931091308594
2024-05-17,188.589111328125
2024-05-20,189.751220703125
2024-05-21,191.0523681640625
2024-05-22,189.61216735839844
2024-05-23,185.61927795410156
2024-05-24,188.69834899902344
2024-05-28,188.70831298828125
2024-05-29,189.00628662109375
2024-05-30,189.99951171875
2024-05-31,190.9530487060547
2024-06-03,192.72103881835938
2024-06-04,193.0388946533203
2024-06-05,194.54861450195312
2024-06-06,193.16799926757812
2024-06-07,195.56175231933594
2024-06-10,191.8171844482422
2024-06-11,205.7525177001953
2024-06-12,211.6326141357422
2024-06-13,212.79470825195312
2024-06-14,211.05653381347656
2024-06-17,215.20834350585938
2024-06-18,212.8443603515625
2024-06-20,208.26547241210938
2024-06-21,206.0902557373047
2024-06-24,206.73587036132812
2024-06-25,207.65960693359375
2024-06-26,211.81138610839844
2024-06-27,212.65565490722656
2024-06-28,209.19912719726562
2024-07-01,215.2877960205078
2024-07-02,218.78402709960938
2024-07-03,220.0553741455078
2024-07-05,224.8130645751953
2024-07-08,226.28311157226562
2024-07-09,227.13729858398438
2024-07-10,231.4082794189453
2024-07-11,226.0347900390625
2024-07-12,228.9847412109375
2024-07-15,232.81871032714844
2024-07-16,233.2358856201172
2024-07-17,227.33596801757812
2024-07-18,222.6676483154297
2024-07-19,222.79678344726562
2024-07-22,222.44915771484375
2024-07-23,223.4920654296875
2024-07-24,217.06568908691406
2024-07-25,216.02281188964844
2024-07-26,216.4896240234375
2024-07-29,216.7677459716797
2024-07-30,217.32395935058594
2024-07-31,220.58181762695312
2024-08-01,216.8869171142578
2024-08-02,218.37681579589844
2024-08-05,207.85824584960938
2024-08-06,205.83201599121094
2024-08-07,208.40455627441406
2024-08-08,211.87098693847656
2024-08-09,214.78125
2024-08-12,216.3126220703125
2024-08-13,220.0316619873047
2024-08-14,220.4791717529297
2024-08-15,223.46237182617188
2024-08-16,224.78494262695312
2024-08-19,224.62582397460938
2024-08-20,225.2423553466797
2024-08-21,225.13296508789062
2024-08-22,223.2734375
2024-08-23,225.57049560546875
2024-08-26,225.90859985351562
2024-08-27,226.75384521484375
2024-08-28,225.2224578857422
2024-08-29,228.5039825439453
2024-08-30,227.7184295654297
2024-09-03,221.52328491210938
2024-09-04,219.61402893066406
2024-09-05,221.13546752929688
2024-09-06,219.58421325683594
2024-09-09,219.67369079589844
2024-09-10,218.87815856933594
2024-09-11,221.4138946533203
2024-09-12,221.52328491210938
2024-09-13,221.25479125976562
2024-09-16,215.10939025878906
2024-09-17,215.5767364501953
2024-09-18,219.45492553710938
2024-09-19,227.58912658691406
2024-09-20,226.9228973388672
2024-09-23,225.20257568359375
2024-09-24,226.0975341796875
2024-09-25,225.10311889648438
2024-09-26,226.24668884277344
2024-09-27,226.5151824951172
2024-09-30,231.696044921875
2024-10-01,224.94406127929688
2024-10-02,225.51083374023438
2024-10-03,224.40704345703125
2024-10-04,225.53073120117188
2024-10-07,220.44931030273438
2024-10-08,224.50648498535156
2024-10-09,228.25540161132812
2024-10-10,227.7581787109375
2024-10-11,226.2765350341797
2024-10-14,230.00555419921875
2024-10-15,232.54127502441406
2024-10-16,230.4828338623047
2024-10-17,230.85079956054688
2024-10-18,233.684814453125
2024-10-21,235.15655517578125
2024-10-22,234.54002380371094
2024-10-23,229.46856689453125
2024-10-24,229.27964782714844
2024-10-25,230.1149444580078
2024-10-28,232.0937957763672
2024-10-29,232.36228942871094
2024-10-30,228.812255859375
2024-10-31,224.6457061767578
2024-11-01,221.66250610351562
2024-11-04,220.76751708984375
2024-11-05,222.199462890625
2024-11-06,221.4735565185547
2024-11-07,226.2069091796875
2024-11-08,225.93814086914062
2024-11-11,223.2204132080078
2024-11-12,223.2204132080078
2024-11-13,224.10641479492188
2024-11-14,227.1924591064453
2024-11-15,223.98695373535156
2024-11-18,226.99337768554688
2024-11-19,227.252197265625
2024-11-20,227.9689483642578
2024-11-21,227.49111938476562
2024-11-22,228.8350372314453
2024-11-25,231.82151794433594
2024-11-26,234.0016632080078
2024-11-27,233.87225341796875
2024-11-29,236.26145935058594
2024-12-02,238.51126098632812
2024-12-03,241.5574951171875
2024-12-04,241.91587829589844
2024-12-05,241.94573974609375
2024-12-06,241.74664306640625
2024-12-09,245.6390380859375
2024-12-10,246.65443420410156
2024-12-11,245.38021850585938
2024-12-12,246.8435821533203
2024-12-13,247.01284790039062
2024-12-16,249.90969848632812
2024-12-17,252.33872985839844
2024-12-18,246.9331817626953
2024-12-19,248.66534423828125
2024-12-20,253.34417724609375
2024-12-23,254.12066650390625
2024-12-24,257.0374755859375
2024-12-26,257.853759765625
2024-12-27,254.439208984375
2024-12-30,251.06448364257812
2024-12-31,249.2925262451172
2025-01-02,242.75210571289062
2025-01-03,242.26431274414062
2025-01-06,243.89691162109375
2025-01-07,241.11947631835938
2025-01-08,241.6072540283203
2025-01-10,235.78363037109375
2025-01-13,233.34463500976562
2025-01-14,232.22967529296875
2025-01-15,236.7989959716797
2025-01-16,227.23228454589844
2025-01-17,228.9445343017578
2025-01-21,221.6375732421875
2025-01-22,222.82223510742188
2025-01-23,222.6529998779297
2025-01-24,221.77694702148438
2025-01-27,228.82508850097656
2025-01-28,237.187255859375
2025-01-29,238.2823028564453
2025-01-30,236.520263671875
2025-01-31,234.93743896484375
2025-02-03,226.9833984375
2025-02-04,231.75184631347656
2025-02-05,231.42332458496094
2025-02-06,232.16995239257812
2025-02-07,226.60513305664062
2025-02-10,226.8741912841797
2025-02-11,231.8272705078125
2025-02-12,236.06277465820312
2025-02-13,240.70689392089844
2025-02-14,243.76644897460938
2025-02-18,243.6368865966797
2025-02-19,244.03550720214844
2025-02-20,244.99224853515625
2025-02-21,244.71319580078125
2025-02-24,246.25791931152344
2025-02-25,246.1981201171875
2025-02-26,239.5408935546875
2025-02-27,236.49131774902344
2025-02-28,241.01583862304688
2025-03-03,237.2188262939453
2025-03-04,235.1259765625
2025-03-05,234.93663024902344
2025-03-06,234.52804565429688
2025-03-07,238.2552947998047
2025-03-10,226.70477294921875
2025-03-11,220.08740234375
2025-03-12,216.2405548095703
2025-03-13,208.96542358398438
2025-03-14,212.762451171875
2025-03-17,213.2707061767578
2025-03-18,211.96519470214844
2025-03-19,214.50648498535156
2025-03-20,213.37039184570312
2025-03-21,217.5261688232422
2025-03-24,219.97776794433594
2025-03-25,222.98748779296875
2025-03-26,220.77505493164062
2025-03-27,223.08717346191406
2025-03-28,217.1574249267578
2025-03-31,221.37301635742188
2025-04-01,222.4293975830078
2025-04-02,223.12701416015625
2025-04-03,202.49754333496094
2025-04-04,187.738037109375
2025-04-07,180.84161376953125
2025-04-08,171.83241271972656
2025-04-09,198.17236328125
2025-04-10,189.7710723876953
2025-04-11,197.4747314453125
2025-04-14,201.82984924316406
2025-04-15,201.4511260986328
2025-04-16,193.6079559326172
2025-04-17,196.3087158203125
2025-04-21,192.50173950195312
2025-04-22,199.059326171875
2025-04-23,203.9027557373047
2025-04-24,207.659912109375
2025-04-25,208.56680297851562
2025-04-28,209.4238739013672
2025-04-29,210.490234375
2025-04-30,211.7758331298828
2025-05-01,212.59304809570312
2025-05-02,204.6501922607422
2025-05-05,198.21221923828125
2025-05-06,197.83349609375
2025-05-07,195.58120727539062
2025-05-08,196.81698608398438
2025-05-09,197.8534393310547
2025-05-12,210.34713745117188
2025-05-13,212.48263549804688
2025-05-14,211.88389587402344
2025-05-15,211.00575256347656
2025-05-16,210.81614685058594
2025-05-19,208.3413543701172
2025-05-20,206.42539978027344
2025-05-21,201.6654052734375
2025-05-22,200.9369354248047
2025-05-23,194.85975646972656
2025-05-27,199.78936767578125
2025-05-28,199.99891662597656
2025-05-29,199.5299072265625
2025-05-30,200.4280242919922
2025-06-02,201.27622985839844
2025-06-03,202.84292602539062
2025-06-04,202.39389038085938
2025-06-05,200.20849609375
2025-06-06,203.49156188964844
2025-06-09,201.02676391601562
2025-06-10,202.2441864013672
2025-06-11,198.36236572265625
2025-06-12,198.78147888183594
2025-06-13,196.03726196289062
2025-06-16,198.0031280517578
2025-06-17,195.2289581298828
2025-06-18,196.16697692871094
2025-06-20,200.57769775390625
2025-06-23,201.07666015625
2025-06-24,199.87918090820312
2025-06-25,201.13653564453125
2025-06-26,200.57769775390625
2025-06-27,200.65753173828125
2025-06-30,204.7389373779297
2025-07-01,207.3833770751953
2025-07-02,211.99366760253906
2025-07-03,213.10134887695312
2025-07-07,209.50889587402344
2025-07-08,209.5687713623047
2025-07-09,210.69639587402344
2025-07-10,211.96372985839844
2025-07-11,210.7163543701172
2025-07-14,208.1816864013672
2025-07-15,208.67066955566406
2025-07-16,209.71847534179688
2025-07-17,209.57875061035156
2025-07-18,210.73631286621094
2025-07-21,212.0335693359375
2025-07-22,213.94955444335938
2025-07-23,213.7000732421875
2025-07-24,213.31088256835938
2025-07-25,213.43064880371094
2025-07-28,213.6002960205078
2025-07-29,210.8261260986328
2025-07-30,208.6107940673828
2025-07-31,207.1339111328125
2025-08-01,201.95481872558594
2025-08-04,202.9227752685547
2025-08-05,202.49366760253906
2025-08-06,212.80197143554688
2025-08-07,219.56771850585938
2025-08-08,228.86814880371094
2025-08-11,226.95997619628906
2025-08-12,229.42758178710938
2025-08-13,233.10403442382812
2025-08-14,232.5545654296875
2025-08-15,231.36570739746094
2025-08-18,230.66639709472656
2025-08-19,230.3367156982422
2025-08-20,225.79110717773438
2025-08-21,224.68218994140625
2025-08-22,227.53941345214844
2025-08-25,226.94000244140625
2025-08-26,229.08792114257812
2025-08-27,230.26678466796875
2025-08-28,232.33477783203125
2025-08-29,231.91517639160156
2025-09-02,229.49752807617188
2025-09-03,238.2390594482422
2025-09-04,239.5477752685547
2025-09-05,239.45787048339844
2025-09-08,237.64962768554688
2025-09-09,234.123046875
2025-09-10,226.5703582763672
2025-09-11,229.80722045898438
2025-09-12,233.84332275390625
2025-09-15,236.47076416015625
2025-09-16,237.9193572998047
2025-09-17,238.75856018066406
2025-09-18,237.64962768554688
2025-09-19,245.26223754882812
2025-09-22,255.8319854736328
2025-09-23,254.18359375
2025-09-24,252.06564331054688
2025-09-25,256.6212158203125
2025-09-26,255.2126007080078
2025-09-29,254.18359375
2025-09-30,254.38340759277344
2025-10-01,255.20260620117188
2025-10-02,256.8809814453125
2025-10-03,257.7701110839844
2025-10-06,256.44140625
2025-10-07,256.23162841796875
2025-10-08,257.8100891113281
2025-10-09,253.79396057128906
2025-10-10,245.032470703125
2025-10-13,247.42015075683594
2025-10-14,247.53004455566406
2025-10-15,249.09852600097656
2025-10-16,247.21035766601562
2025-10-17,252.045654296875
2025-10-20,261.98602294921875
2025-10-21,262.5155029296875
2025-10-22,258.19970703125
2025-10-23,259.3285827636719
2025-10-24,262.56549072265625
2025-10-27,268.5496520996094
2025-10-28,268.7394714355469
2025-10-29,269.4388122558594
2025-10-30,271.13714599609375
2025-10-31,270.108154296875
2025-11-03,268.7894287109375
2025-11-04,269.7784729003906
2025-11-05,269.8783874511719
2025-11-06,269.50872802734375
2025-11-07,268.2099914550781
2025-11-10,269.42999267578125
2025-11-11,275.25
2025-11-12,273.4700012207031
2025-11-13,272.95001220703125
2025-11-14,272.4100036621094
2025-11-17,267.4599914550781
2025-11-18,267.44000244140625
2025-11-19,268.55999755859375
2025-11-20,266.25
2025-11-21,271.489990234375
2025-11-24,275.9200134277344
2025-11-25,276.9700012207031
2025-11-26,277.54998779296875
2025-11-28,278.8500061035156
2025-12-01,283.1000061035156
2025-12-02,286.19000244140625
2025-12-03,284.1499938964844
2025-12-04,280.70001220703125
2025-12-05,278.7799987792969
2025-12-08,277.8900146484375
2025-12-09,277.17999267578125
2025-12-10,278.7799987792969
2025-12-11,278.0299987792969
2025-12-12,278.2799987792969
2025-12-15,274.1099853515625
2025-12-16,274.6099853515625
2025-12-17,271.8399963378906
2025-12-18,272.19000244140625
2025-12-19,273.6700134277344
2025-12-22,270.9700012207031
2025-12-23,272.3599853515625
2025-12-24,273.80999755859375
2025-12-26,273.3999938964844
2025-12-29,273.760009765625
2025-12-30,273.0799865722656
2025-12-31,271.8599853515625
2026-01-02,271.010009765625
2026-01-05,267.260009765625
2026-01-06,262.3599853515625
2026-01-07,260.3299865722656
2026-01-08,259.0400085449219
2026-01-09,259.3699951171875
2026-01-12,260.25
2026-01-13,261.04998779296875
2026-01-14,259.9599914550781
2026-01-15,258.2099914550781
2026-01-16,255.52999877929688
2026-01-20,246.6999969482422
2026-01-21,247.64999389648438
2026-01-22,248.35000610351562
2026-01-23,248.0399932861328
2026-01-26,255.41000366210938
2026-01-27,258.2699890136719
2026-01-28,256.44000244140625
2026-01-29,258.2799987792969
2026-01-30,259.4800109863281
